<?xml version="1.0" encoding="UTF-8"?>
<project-private xmlns="http://www.netbeans.org/ns/project-private/1">
    <editor-bookmarks xmlns="http://www.netbeans.org/ns/editor-bookmarks/2" lastBookmarkId="0"/>
    <open-files xmlns="http://www.netbeans.org/ns/projectui-open-files/2">
        <group>
            <file>file:/C:/Users/SSDD/Documents/NetBeansProjects/GestionCanciones/src/modelo/Conexion.java</file>
            <file>file:/C:/Users/SSDD/Documents/NetBeansProjects/GestionCanciones/src/vista/VistaCancion.java</file>
            <file>file:/C:/Users/SSDD/Documents/NetBeansProjects/GestionCanciones/src/modelo/Cantante.java</file>
            <file>file:/C:/Users/SSDD/Documents/NetBeansProjects/GestionCanciones/src/modelo/CantanteDAO.java</file>
            <file>file:/C:/Users/SSDD/Documents/NetBeansProjects/GestionCanciones/src/main/Sistema.java</file>
            <file>file:/C:/Users/SSDD/Documents/NetBeansProjects/GestionCanciones/src/main/DAO.java</file>
            <file>file:/C:/Users/SSDD/Documents/NetBeansProjects/GestionCanciones/src/controlador/ControladorCanciones.java</file>
        </group>
    </open-files>
</project-private>
