<?xml version="1.0" encoding="UTF-8"?>
<project-private xmlns="http://www.netbeans.org/ns/project-private/1">
    <editor-bookmarks xmlns="http://www.netbeans.org/ns/editor-bookmarks/2" lastBookmarkId="0"/>
    <open-files xmlns="http://www.netbeans.org/ns/projectui-open-files/2">
        <group>
            <file>file:/C:/Users/SSDD/Documents/NetBeansProjects/Tienda_Veleros/src/tienda_veleros/cantidadVelas.java</file>
            <file>file:/C:/Users/SSDD/Documents/NetBeansProjects/Tienda_Veleros/src/tienda_veleros/Ajuste_Precio.java</file>
            <file>file:/C:/Users/SSDD/Documents/NetBeansProjects/Tienda_Veleros/src/tienda_veleros/Tienda_Veleros.java</file>
            <file>file:/C:/Users/SSDD/Documents/NetBeansProjects/Tienda_Veleros/src/tienda_veleros/Velero_Regata.java</file>
            <file>file:/C:/Users/SSDD/Documents/NetBeansProjects/Tienda_Veleros/src/tienda_veleros/Velero.java</file>
            <file>file:/C:/Users/SSDD/Documents/NetBeansProjects/Tienda_Veleros/src/tienda_veleros/Promociones.java</file>
            <file>file:/C:/Users/SSDD/Documents/NetBeansProjects/Tienda_Veleros/src/tienda_veleros/Velero_Crucero.java</file>
            <file>file:/C:/Users/SSDD/Documents/NetBeansProjects/Tienda_Veleros/src/tienda_veleros/precioFinal.java</file>
        </group>
    </open-files>
</project-private>
