<?xml version="1.0" encoding="UTF-8"?>
<project-private xmlns="http://www.netbeans.org/ns/project-private/1">
    <editor-bookmarks xmlns="http://www.netbeans.org/ns/editor-bookmarks/2" lastBookmarkId="0"/>
    <open-files xmlns="http://www.netbeans.org/ns/projectui-open-files/2">
        <group>
            <file>file:/C:/Users/joaqu/OneDrive/Documentos/Desarrollo%20de%20objetos%20Ramo/GestionJugadores/src/Modelo/Jugador.java</file>
            <file>file:/C:/Users/joaqu/OneDrive/Documentos/Desarrollo%20de%20objetos%20Ramo/GestionJugadores/src/Controlador/ControladorJugador.java</file>
            <file>file:/C:/Users/joaqu/OneDrive/Documentos/Desarrollo%20de%20objetos%20Ramo/GestionJugadores/src/Modelo/JugadorDAO.java</file>
            <file>file:/C:/Users/joaqu/OneDrive/Documentos/Desarrollo%20de%20objetos%20Ramo/GestionJugadores/src/Modelo/Conexion.java</file>
            <file>file:/C:/Users/joaqu/OneDrive/Documentos/Desarrollo%20de%20objetos%20Ramo/GestionJugadores/src/main/Sistema.java</file>
        </group>
    </open-files>
</project-private>
